Bios Version,Hostname,Vendor,Network,Path
2.0,blh0,American Megatrends Inc.,Digilab,Digilab --> blh0
1.0b,blc00,American Megatrends Inc.,Digilab,Digilab --> blc00
1.0b,blc00,American Megatrends Inc.,Digilab,Digilab --> blc00
2.0,blh0,American Megatrends Inc.,Digilab,Digilab --> blh0
1.0b,blc00,American Megatrends Inc.,Digilab,Digilab --> blc00
2.0,blh0,American Megatrends Inc.,Digilab,Digilab --> blh0
1.0b,blc00,American Megatrends Inc.,Digilab,Digilab --> blc00
2.0,blh0,American Megatrends Inc.,Digilab,Digilab --> blh0
1.0b,blc00,American Megatrends Inc.,Digilab,Digilab --> blc00
1.0b,blc00,American Megatrends Inc.,Digilab,Digilab --> blc00
2.0b,blc01,American Megatrends Inc.,Digilab,Digilab --> blc01
2.0b,blc02,American Megatrends Inc.,Digilab,Digilab --> blc02
1.0b,bls0,American Megatrends Inc.,Digilab,Digilab --> bls0
2.0,blh0,American Megatrends Inc.,Digilab,Digilab --> blh0
1.0b,blc00,American Megatrends Inc.,Digilab,Digilab --> blc00
2.0b,blc01,American Megatrends Inc.,Digilab,Digilab --> blc01
2.0b,blc02,American Megatrends Inc.,Digilab,Digilab --> blc02
1.0b,bls0,American Megatrends Inc.,Digilab,Digilab --> bls0
1.0b,blc00,American Megatrends Inc.,Digilab,Digilab --> blc00
2.0b,blc01,American Megatrends Inc.,Digilab,Digilab --> blc01
2.0b,blc02,American Megatrends Inc.,Digilab,Digilab --> blc02
1.0b,bls0,American Megatrends Inc.,Digilab,Digilab --> bls0
